"No.","Ticker","Company","Sector","Industry","Country","Market Cap","P/E","Price","Change","Volume"
1,"A","Agilent Technologies Inc.","Healthcare","Medical Laboratories & Research","USA",16933.05,18.64,49.95,-0.36%,2430595
2,"AA","Alcoa, Inc.","Basic Materials","Aluminum","USA",8662.80,81.00,8.10,2.02%,66269316
3,"AAPL","Apple Inc.","Consumer Goods","Electronic Equipment","USA",446988.51,12.15,486.59,1.17%,10750263
4,"ABBV","AbbVie Inc.","Healthcare","Drug Manufacturers - Major","USA",71203.09,13.79,44.81,0.65%,5110631
5,"ABC","AmerisourceBergen Corporation","Services","Drugs Wholesale","USA",14153.49,24.22,61.27,0.13%,1638056
6,"ABT","Abbott Laboratories","Healthcare","Medical Appliances & Equipment","USA",51762.41,62.58,33.17,0.48%,8162960
7,"ACE","ACE Limited","Financial","Property & Casualty Insurance","Switzerland",31038.69,9.63,91.01,-0.16%,1000876
8,"ACN","Accenture plc","Technology","Information Technology Services","Ireland",45145.06,14.43,70.28,-1.14%,5005164
9,"ACT","Actavis plc","Healthcare","Drugs - Generic","USA",18151.06,,137.30,-1.79%,2133100
10,"ADBE","Adobe Systems Inc.","Technology","Application Software","USA",24928.54,56.19,49.45,-0.26%,4346108
11,"ADI","Analog Devices Inc.","Technology","Printed Circuit Boards","USA",14123.56,21.86,45.69,-0.02%,1726275
12,"ADM","Archer Daniels Midland Company","Consumer Goods","Farm Products","USA",24014.13,20.30,36.33,0.39%,3440575
13,"ADP","Automatic Data Processing, Inc.","Technology","Business Software & Services","USA",33910.10,25.10,70.28,0.06%,1413571
14,"ADSK","Autodesk, Inc.","Technology","Technical & System Software","USA",8915.08,41.20,39.96,-1.06%,5027963
15,"ADT","The ADT Corporation","Services","Security & Protection Services","USA",8534.61,22.10,39.33,0.85%,2196129
16,"AEE","Ameren Corporation","Utilities","Diversified Utilities","USA",8418.22,,34.70,0.90%,1676909
17,"AEP","American Electric Power Co., Inc.","Utilities","Electric Utilities","USA",21241.28,17.54,43.68,0.44%,3544102
18,"AES","The AES Corporation","Utilities","Electric Utilities","USA",9875.34,,13.22,-0.60%,4135661
19,"AET","Aetna Inc.","Healthcare","Health Care Plans","USA",22746.93,12.75,63.86,-0.65%,2413552
20,"AFL","AFLAC Inc.","Financial","Accident & Health Insurance","USA",28973.47,8.65,62.28,0.21%,1445094
21,"AGN","Allergan Inc.","Healthcare","Drug Manufacturers - Other","USA",26204.88,15.70,88.53,-0.48%,2997752
22,"AIG","American International Group, Inc.","Financial","Property & Casualty Insurance","USA",70473.96,10.73,47.73,0.06%,10523209
23,"AIV","Apartment Investment & Management Co.","Financial","REIT - Residential","USA",4007.95,,27.58,0.77%,875996
24,"AIZ","Assurant Inc.","Financial","Accident & Health Insurance","USA",4323.40,11.18,55.78,1.16%,670354
25,"AKAM","Akamai Technologies, Inc.","Technology","Internet Information Providers","USA",8770.03,35.72,49.30,-1.40%,2212490
26,"ALL","The Allstate Corporation","Financial","Property & Casualty Insurance","USA",23855.20,10.88,50.94,0.89%,3532518
27,"ALTR","Altera Corp.","Technology","Semiconductor - Specialized","USA",11469.69,23.09,35.79,-0.83%,2003922
28,"ALXN","Alexion Pharmaceuticals, Inc.","Healthcare","Biotechnology","USA",20594.65,60.27,105.48,-2.76%,1480403
29,"AMAT","Applied Materials Inc.","Technology","Semiconductor Equipment & Materials","USA",20860.02,,17.34,-0.97%,13940972
30,"AME","Ametek Inc.","Technology","Diversified Electronics","USA",10650.64,21.96,43.71,-0.50%,1880605
31,"AMGN","Amgen Inc.","Healthcare","Biotechnology","USA",79922.56,17.86,106.28,-1.37%,5439177
32,"AMP","Ameriprise Financial Inc.","Financial","Asset Management","USA",18537.30,15.82,90.47,0.69%,765680
33,"AMT","American Tower Corporation","Financial","REIT - Diversified","USA",28319.98,44.76,71.62,-0.38%,2206234
34,"AMZN","Amazon.com Inc.","Services","Catalog & Mail Order Houses","USA",135992.89,,298.23,-1.65%,3246949
35,"AN","AutoNation Inc.","Services","Auto Dealerships","USA",5925.53,17.81,48.81,0.56%,2251574
36,"ANF","Abercrombie & Fitch Co.","Services","Apparel Stores","USA",2620.15,12.36,33.86,2.02%,3131115
37,"AON","Aon Corporation","Financial","Insurance Brokers","USA",22351.13,22.84,71.25,-0.18%,1418027
38,"APA","Apache Corp.","Basic Materials","Independent Oil & Gas","USA",33680.64,13.64,85.92,-0.21%,2162275
39,"APC","Anadarko Petroleum Corporation","Basic Materials","Independent Oil & Gas","USA",46239.22,27.25,92.11,-0.01%,1799861
40,"APD","Air Products & Chemicals Inc.","Basic Materials","Chemicals - Major Diversified","USA",21775.51,22.27,103.99,1.37%,1313657
41,"APH","Amphenol Corporation","Technology","Diversified Electronics","USA",12088.07,20.74,75.69,1.15%,755304
42,"APOL","Apollo Group Inc.","Services","Education & Training Services","USA",2253.71,8.19,19.99,0.25%,1689823
43,"ARG","Airgas Inc.","Basic Materials","Chemicals - Major Diversified","USA",7775.67,24.47,106.18,0.37%,273940
44,"ATI","Allegheny Technologies Inc.","Industrial Goods","Metal Fabrication","USA",3208.27,54.62,30.04,-0.07%,884844
45,"AVB","Avalonbay Communities Inc.","Financial","REIT - Residential","USA",16099.70,78.88,124.63,0.61%,431660
46,"AVP","Avon Products Inc.","Consumer Goods","Personal Products","USA",8739.36,,20.16,0.95%,4461195
47,"AVY","Avery Dennison Corporation","Consumer Goods","Business Equipment","USA",4198.40,20.52,42.28,0.00%,608836
48,"AXP","American Express Company","Financial","Credit Services","USA",78719.80,17.74,72.22,0.00%,4701450
49,"AZO","AutoZone Inc.","Services","Auto Parts Stores","USA",14553.97,15.21,415.27,-0.11%,267765
50,"BA","Boeing Co.","Industrial Goods","Aerospace/Defense Products & Services","USA",87157.46,20.89,114.47,-0.84%,4712764
51,"BAC","Bank of America Corporation","Financial","Money Center Banks","USA",149138.04,31.45,13.84,1.10%,95846712
52,"BAX","Baxter International Inc.","Healthcare","Medical Instruments & Supplies","USA",35295.00,16.17,65.00,0.92%,3600733
53,"BBBY","Bed Bath & Beyond Inc.","Services","Home Furnishing Stores","USA",15899.44,15.65,74.95,-1.19%,1443023
54,"BBT","BB&T Corporation","Financial","Regional - Mid-Atlantic Banks","USA",23000.21,13.43,32.76,0.31%,3056893
55,"BBY","Best Buy Co. Inc.","Services","Electronics Stores","USA",12342.90,,36.26,1.65%,5336520
56,"BCR","CR Bard Inc.","Healthcare","Medical Instruments & Supplies","USA",9126.73,54.46,114.37,0.47%,686030
57,"BDX","Becton, Dickinson and Company","Healthcare","Medical Instruments & Supplies","USA",19312.51,17.79,99.10,0.78%,641019
58,"BEAM","Beam, Inc.","Consumer Goods","Beverages - Wineries & Distillers","USA",10740.11,26.46,66.42,-0.49%,1168608
59,"BEN","Franklin Resources Inc.","Financial","Asset Management","USA",31699.01,15.02,50.03,1.03%,2175295
60,"BF-B","Brown-Forman Corporation","Consumer Goods","Beverages - Wineries & Distillers","USA",14403.99,24.69,67.40,-0.68%,281460
61,"BHI","Baker Hughes Incorporated","Basic Materials","Oil & Gas Equipment & Services","USA",21547.52,21.52,48.64,-0.59%,2496587
62,"BIIB","Biogen Idec Inc.","Healthcare","Biotechnology","USA",53160.79,33.21,223.85,-0.73%,1429555
63,"BK","The Bank of New York Mellon Corporation","Financial","Asset Management","USA",34322.79,18.50,29.78,0.71%,4029728
64,"BLK","BlackRock, Inc.","Financial","Asset Management","USA",45529.15,17.32,266.80,1.54%,908208
65,"BLL","Ball Corporation","Consumer Goods","Packaging & Containers","USA",6566.01,19.93,44.64,-0.04%,877608
66,"BMS","Bemis Company, Inc.","Consumer Goods","Packaging & Containers","USA",3933.87,21.01,38.23,-0.16%,837003
67,"BMY","Bristol-Myers Squibb Company","Healthcare","Drug Manufacturers - Major","USA",76298.04,56.60,46.41,-0.41%,5338399
68,"BRCM","Broadcom Corp.","Technology","Semiconductor - Integrated Circuits","USA",15114.70,37.36,26.15,0.27%,5977855
69,"BRK-B","Berkshire Hathaway Inc.","Financial","Property & Casualty Insurance","USA",184.42,0.01,111.77,0.36%,3772982
70,"BSX","Boston Scientific Corporation","Healthcare","Medical Appliances & Equipment","USA",15745.82,,11.72,2.27%,15537014
71,"BTU","Peabody Energy Corp.","Basic Materials","Industrial Metals & Minerals","USA",4523.96,,16.95,0.12%,4401840
72,"BWA","BorgWarner Inc.","Consumer Goods","Auto Parts","USA",11243.01,21.30,97.98,-0.35%,1107762
73,"BXP","Boston Properties Inc.","Financial","REIT - Office","USA",15716.47,26.19,103.44,-0.11%,755590
74,"C","Citigroup, Inc.","Financial","Money Center Banks","USA",145801.57,15.32,47.95,0.59%,22544384
75,"CA","CA Technologies","Technology","Business Software & Services","USA",12915.00,12.48,28.70,-0.42%,2574365
76,"CAG","ConAgra Foods, Inc.","Consumer Goods","Processed & Packaged Goods","USA",12713.01,19.11,30.19,0.33%,3428079
77,"CAH","Cardinal Health, Inc.","Services","Drugs Wholesale","USA",18055.95,55.16,52.95,-0.47%,2570936
78,"CAM","Cameron International Corporation","Basic Materials","Oil & Gas Equipment & Services","USA",14818.19,20.44,60.09,-0.43%,1827946
79,"CAT","Caterpillar Inc.","Industrial Goods","Farm & Construction Machinery","USA",54279.65,13.17,83.52,0.81%,4573410
80,"CB","The Chubb Corporation","Financial","Property & Casualty Insurance","USA",22814.59,12.42,87.58,-0.45%,801537
81,"CBG","CBRE Group, Inc","Financial","Property Management","USA",7291.73,24.74,22.27,0.72%,4606049
82,"CBS","CBS Corporation","Services","Broadcasting - TV","USA",32654.58,19.29,53.62,-0.69%,5391316
83,"CCE","Coca-Cola Enterprises Inc.","Consumer Goods","Beverages - Soft Drinks","USA",10709.92,18.82,39.52,-0.43%,2647122
84,"CCI","Crown Castle International Corp.","Technology","Diversified Communication Services","USA",20513.89,227.23,70.44,0.26%,2385101
85,"CCL","Carnival Corporation","Services","Resorts & Casinos","USA",24490.00,22.25,31.60,-0.38%,3967261
86,"CELG","Celgene Corporation","Healthcare","Biotechnology","USA",60818.86,41.03,146.87,-1.12%,5363020
87,"CERN","Cerner Corporation","Technology","Healthcare Information Services","USA",18118.26,42.85,52.70,-0.88%,1517346
88,"CF","CF Industries Holdings, Inc.","Basic Materials","Agricultural Chemicals","USA",12201.79,7.22,206.46,-1.08%,1299983
89,"CFN","CareFusion Corporation","Healthcare","Medical Instruments & Supplies","USA",8040.32,21.24,36.95,0.60%,1168037
90,"CHK","Chesapeake Energy Corporation","Basic Materials","Independent Oil & Gas","USA",16971.47,,25.99,-0.23%,10101051
91,"CHRW","CH Robinson Worldwide Inc.","Services","Air Delivery & Freight Services","USA",9269.44,15.89,58.00,0.38%,1315710
92,"CI","Cigna Corp.","Healthcare","Health Care Plans","USA",21768.08,15.53,77.18,-0.28%,1251291
93,"CINF","Cincinnati Financial Corp.","Financial","Property & Casualty Insurance","USA",7703.05,13.66,47.11,-0.04%,456143
94,"CL","Colgate-Palmolive Co.","Consumer Goods","Personal Products","USA",55827.37,25.03,59.83,1.48%,4593271
95,"CLF","Cliffs Natural Resources Inc.","Basic Materials","Industrial Metals & Minerals","USA",3073.99,,20.09,-1.52%,8266731
96,"CLX","The Clorox Company","Consumer Goods","Housewares & Accessories","USA",10772.50,18.97,81.97,0.59%,1511282
97,"CMA","Comerica Incorporated","Financial","Regional - Midwest Banks","USA",7127.85,14.16,38.95,0.78%,1806674
98,"CMCSA","Comcast Corporation","Services","Entertainment - Diversified","USA",116632.23,17.52,44.33,-0.65%,9943029
99,"CME","CME Group Inc.","Financial","Investment Brokerage - National","USA",23941.85,25.73,72.04,-0.55%,896113
100,"CMG","Chipotle Mexican Grill, Inc.","Services","Restaurants","USA",13246.33,45.17,428.67,0.22%,442844
101,"CMI","Cummins Inc.","Industrial Goods","Diversified Machinery","USA",24290.05,17.22,129.34,-0.10%,969454
102,"CMS","CMS Energy Corp.","Utilities","Electric Utilities","USA",6908.74,16.12,26.12,0.62%,4169570
103,"CNP","CenterPoint Energy, Inc.","Utilities","Diversified Utilities","USA",10255.70,54.39,23.93,0.34%,2247941
104,"CNX","CONSOL Energy Inc.","Basic Materials","Industrial Metals & Minerals","USA",8021.28,64.94,35.07,-0.09%,1860322
105,"COF","Capital One Financial Corp.","Financial","Credit Services","USA",39634.20,9.15,68.10,0.40%,2626331
106,"COG","Cabot Oil & Gas Corporation","Basic Materials","Independent Oil & Gas","USA",14905.33,72.31,35.43,0.97%,6114986
107,"COH","Coach, Inc.","Consumer Goods","Textile - Apparel Footwear & Accessories","USA",15164.88,14.92,53.86,0.50%,3523116
108,"COL","Rockwell Collins Inc.","Industrial Goods","Aerospace/Defense Products & Services","USA",9014.81,15.26,66.53,0.96%,910169
109,"COP","ConocoPhillips","Basic Materials","Oil & Gas Drilling & Exploration","USA",85801.26,11.31,69.77,-0.57%,5758873
110,"COST","Costco Wholesale Corporation","Services","Discount, Variety Stores","USA",50017.16,25.24,114.59,2.12%,5851606
111,"COV","Covidien plc","Healthcare","Medical Instruments & Supplies","Ireland",27937.20,16.74,60.08,0.43%,2646402
112,"CPB","Campbell Soup Co.","Consumer Goods","Processed & Packaged Goods","USA",12585.12,18.39,40.08,0.20%,1740621
113,"CRM","Salesforce.com","Technology","Application Software","USA",29644.29,,49.91,-0.46%,4736246
114,"CSC","Computer Sciences Corporation","Technology","Information Technology Services","USA",7453.74,12.47,49.74,-0.46%,1079170
115,"CSCO","Cisco Systems, Inc.","Technology","Networking & Communication Devices","USA",120780.00,12.10,22.50,-0.62%,45336972
116,"CSX","CSX Corp.","Services","Railroads","USA",26020.12,13.84,25.46,0.83%,6181883
117,"CTAS","Cintas Corporation","Services","Business Services","USA",6106.50,19.53,50.00,0.12%,767121
118,"CTL","CenturyLink, Inc.","Technology","Telecom Services - Domestic","USA",19452.48,18.61,32.19,2.91%,7852153
119,"CTSH","Cognizant Technology Solutions Corporation","Technology","Business Software & Services","USA",24730.91,21.86,81.98,-0.24%,2671303
120,"CTXS","Citrix Systems, Inc.","Technology","Business Software & Services","USA",12480.69,39.92,66.66,-1.41%,3275982
121,"CVC","Cablevision Systems Corporation","Services","CATV Systems","USA",4227.16,,16.22,0.12%,3580186
122,"CVS","CVS Caremark Corporation","Services","Drug Stores","USA",71215.08,17.17,58.04,1.74%,9577632
123,"CVX","Chevron Corporation","Basic Materials","Major Integrated Oil & Gas","USA",223131.13,9.41,116.13,-0.51%,8840755
124,"D","Dominion Resources, Inc.","Utilities","Electric Utilities","USA",35558.93,109.84,61.51,-0.16%,3197657
125,"DAL","Delta Air Lines Inc.","Services","Major Airlines","USA",20612.50,11.83,24.25,0.08%,10942989
126,"DD","E. I. du Pont de Nemours and Company","Basic Materials","Chemicals - Major Diversified","USA",52537.63,22.42,56.94,-0.23%,4051692
127,"DE","Deere & Company","Industrial Goods","Farm & Construction Machinery","USA",31883.60,9.48,82.60,0.47%,2979800
128,"DELL","Dell Inc.","Technology","Personal Computers","USA",24299.31,18.20,13.83,0.00%,10964185
129,"DFS","Discover Financial Services","Financial","Credit Services","USA",23926.77,9.54,48.93,0.39%,3766726
130,"DG","Dollar General Corporation","Services","Discount, Variety Stores","USA",18414.46,18.84,56.70,0.62%,4153908
131,"DGX","Quest Diagnostics Inc.","Healthcare","Medical Laboratories & Research","USA",9422.08,18.47,61.70,-0.27%,1736629
132,"DHI","DR Horton Inc.","Industrial Goods","Residential Construction","USA",5784.22,14.70,17.93,-0.33%,10648562
133,"DHR","Danaher Corp.","Industrial Goods","Diversified Machinery","USA",46675.73,19.13,67.14,-0.25%,2924714
134,"DIS","Walt Disney Co.","Services","Entertainment - Diversified","USA",114589.18,19.27,63.59,-0.64%,8689741
135,"DISCA","Discovery Communications, Inc.","Services","CATV Systems","USA",27976.87,29.52,77.93,-0.38%,1070172
136,"DLPH","Delphi Automotive PLC","Consumer Goods","Auto Parts","United Kingdom",17440.01,16.89,55.91,0.05%,2713611
137,"DLTR","Dollar Tree, Inc.","Services","Discount, Variety Stores","USA",12881.24,20.37,57.66,-0.36%,1491511
138,"DNB","Dun & Bradstreet Corp.","Technology","Information & Delivery Services","USA",3953.79,15.00,100.35,-1.15%,366407
139,"DNR","Denbury Resources Inc.","Basic Materials","Independent Oil & Gas","USA",6609.79,16.29,17.92,-0.99%,4434412
140,"DO","Diamond Offshore Drilling Inc.","Basic Materials","Oil & Gas Drilling & Exploration","USA",8629.90,12.41,62.07,-0.03%,876566
141,"DOV","Dover Corp.","Industrial Goods","Diversified Machinery","USA",14862.70,16.33,86.86,-0.73%,759429
142,"DOW","The Dow Chemical Company","Basic Materials","Chemicals - Major Diversified","USA",46163.01,18.80,38.92,1.04%,9538552
143,"DPS","Dr Pepper Snapple Group, Inc.","Consumer Goods","Beverages - Soft Drinks","USA",8904.88,14.94,43.63,0.37%,2244399
144,"DRI","Darden Restaurants, Inc.","Services","Restaurants","USA",6454.01,17.58,49.57,7.11%,12582092
145,"DTE","DTE Energy Co.","Utilities","Electric Utilities","USA",11417.88,16.20,65.62,0.85%,1238393
146,"DTV","DIRECTV, Inc.","Services","CATV Systems","USA",32220.20,12.05,57.95,-0.17%,3299124
147,"DUK","Duke Energy Corporation","Utilities","Diversified Utilities","USA",47662.06,24.11,67.51,0.46%,2973309
148,"DVA","DaVita, Inc.","Healthcare","Specialized Health Services","USA",12033.96,20.71,57.36,-0.26%,1084959
149,"DVN","Devon Energy Corporation","Basic Materials","Independent Oil & Gas","USA",23436.60,,58.30,0.17%,3133081
150,"EA","Electronic Arts Inc.","Technology","Multimedia & Graphics Software","USA",7404.87,,24.15,0.33%,4026891
151,"EBAY","eBay Inc.","Services","Catalog & Mail Order Houses","USA",67872.01,25.91,52.33,-1.21%,9093573
152,"ECL","Ecolab Inc.","Consumer Goods","Cleaning Products","USA",29435.44,34.99,97.63,0.74%,1231945
153,"ED","Consolidated Edison Inc.","Utilities","Electric Utilities","USA",16352.61,16.28,55.83,0.74%,2624579
154,"EFX","Equifax Inc.","Financial","Credit Services","USA",7191.03,24.66,59.43,0.44%,702987
155,"EIX","Edison International","Utilities","Electric Utilities","USA",15370.90,11.58,47.15,1.38%,2288182
156,"EL","Estee Lauder Companies Inc.","Consumer Goods","Personal Products","USA",26675.88,26.66,68.77,0.09%,1524592
157,"EMC","EMC Corporation","Technology","Data Storage Devices","USA",51902.52,19.69,24.81,0.94%,22866574
158,"EMN","Eastman Chemical Co.","Basic Materials","Chemicals - Major Diversified","USA",11796.16,19.49,76.40,0.57%,1789472
159,"EMR","Emerson Electric Co.","Technology","Diversified Electronics","USA",45293.74,30.82,63.18,0.32%,3474371
160,"EOG","EOG Resources, Inc.","Basic Materials","Independent Oil & Gas","USA",46313.15,46.74,171.52,0.03%,1919664
161,"EQR","Equity Residential","Financial","REIT - Residential","USA",18781.08,580.22,52.22,0.08%,1094618
162,"EQT","EQT Corporation","Utilities","Gas Utilities","USA",13061.05,49.02,86.77,1.81%,2210488
163,"ESRX","Express Scripts Inc.","Healthcare","Health Care Plans","USA",50175.56,100.90,61.55,-0.40%,4330744
164,"ESV","Ensco plc","Basic Materials","Oil & Gas Drilling & Exploration","United Kingdom",12481.66,9.85,54.08,0.15%,1553401
165,"ETFC","E*TRADE Financial Corporation","Financial","Investment Brokerage - National","USA",4665.04,,16.26,0.43%,4203601
166,"ETN","Eaton Corporation","Technology","Diversified Electronics","USA",31078.71,19.83,65.65,-0.38%,2913340
167,"ETR","Entergy Corporation","Utilities","Electric Utilities","USA",11442.03,11.93,64.21,1.04%,1490809
168,"EW","Edwards Lifesciences Corp.","Healthcare","Medical Appliances & Equipment","USA",8206.29,21.31,72.88,0.68%,1184865
169,"EXC","Exelon Corporation","Utilities","Diversified Utilities","USA",25431.76,22.01,29.71,1.40%,6397911
170,"EXPD","Expeditors International of Washington Inc.","Services","Air Delivery & Freight Services","USA",8755.33,25.70,42.41,0.83%,1358403
171,"EXPE","Expedia Inc.","Services","Lodging","USA",6816.19,50.49,49.99,-1.26%,4059657
172,"F","Ford Motor Co.","Consumer Goods","Auto Manufacturers - Major","USA",65366.46,10.93,16.62,0.73%,50815680
173,"FAST","Fastenal Company","Industrial Goods","General Building Materials","USA",13904.10,31.66,46.85,-6.26%,6651667
174,"FCX","Freeport-McMoRan Copper & Gold Inc.","Basic Materials","Copper","USA",32222.40,11.70,32.88,-0.06%,10901876
175,"FDO","Family Dollar Stores Inc.","Services","Discount, Variety Stores","USA",7900.07,18.88,68.71,-1.07%,3464795
176,"FDX","FedEx Corporation","Services","Air Delivery & Freight Services","USA",35575.28,22.47,112.58,0.45%,1518591
177,"FE","FirstEnergy Corp.","Utilities","Electric Utilities","USA",15750.24,50.92,37.68,0.61%,2978530
178,"FFIV","F5 Networks, Inc.","Technology","Application Software","USA",6901.56,25.85,87.90,-1.00%,1461700
179,"FHN","First Horizon National Corporation","Financial","Regional - Southeast Banks","USA",2607.80,17.87,10.90,-0.91%,4045670
180,"FIS","Fidelity National Information Services, Inc.","Technology","Information Technology Services","USA",13016.51,25.08,44.90,-0.75%,1699408
181,"FISV","Fiserv, Inc.","Services","Business Services","USA",13032.70,23.36,98.36,-0.18%,507664
182,"FITB","Fifth Third Bancorp","Financial","Regional - Midwest Banks","USA",15244.14,9.25,17.75,1.46%,10130961
183,"FLIR","FLIR Systems, Inc.","Industrial Goods","Aerospace/Defense Products & Services","USA",4498.41,19.91,31.66,-0.41%,781134
184,"FLR","Fluor Corporation","Industrial Goods","Heavy Construction","USA",11330.67,24.59,69.60,-0.13%,1532716
185,"FLS","Flowserve Corp.","Industrial Goods","Diversified Machinery","USA",8583.92,19.47,60.36,0.12%,1145589
186,"FMC","FMC Corp.","Basic Materials","Chemicals - Major Diversified","USA",9598.85,21.27,70.41,-0.28%,468700
187,"FOSL","Fossil, Inc.","Consumer Goods","Recreational Goods, Other","USA",6751.31,18.76,115.21,-0.41%,667738
188,"FRX","Forest Laboratories Inc.","Healthcare","Drug Manufacturers - Other","USA",11403.14,,42.69,0.09%,1874221
189,"FSLR","First Solar, Inc.","Technology","Semiconductor - Specialized","USA",3710.76,10.95,41.60,-1.63%,4626267
190,"FTI","FMC Technologies, Inc.","Basic Materials","Oil & Gas Equipment & Services","USA",13301.91,33.43,55.82,-0.48%,815931
191,"FTR","Frontier Communications Corporation","Technology","Telecom Services - Domestic","USA",4189.81,42.21,4.22,0.02%,7026896
192,"GAS","AGL Resources Inc.","Utilities","Gas Utilities","USA",5252.70,16.95,44.59,-0.47%,492506
193,"GCI","Gannett Co., Inc.","Services","Publishing - Newspapers","USA",5581.33,12.57,24.39,-2.87%,5203527
194,"GD","General Dynamics Corp.","Industrial Goods","Aerospace/Defense Products & Services","USA",29591.55,,84.28,-0.81%,1512449
195,"GE","General Electric Company","Industrial Goods","Diversified Machinery","USA",241898.91,16.84,23.57,-0.42%,35001876
196,"GILD","Gilead Sciences Inc.","Healthcare","Biotechnology","USA",89937.06,39.01,58.90,-0.81%,15283881
197,"GIS","General Mills, Inc.","Consumer Goods","Processed & Packaged Goods","USA",30658.24,17.92,47.68,0.57%,3357815
198,"GLW","Corning Inc.","Technology","Diversified Electronics","USA",20580.69,10.78,14.01,0.07%,15461988
199,"GM","General Motors Company","Consumer Goods","Auto Manufacturers - Major","USA",47004.16,12.24,34.16,-0.15%,21096256
200,"GME","GameStop Corp.","Services","Electronics Stores","USA",5897.36,,50.02,1.42%,1533171
201,"GNW","Genworth Financial Inc.","Financial","Life Insurance","USA",6266.18,14.27,12.70,0.63%,7685825
202,"GOOG","Google Inc.","Technology","Internet Information Providers","USA",284556.33,26.27,855.86,0.26%,2648323
203,"GPC","Genuine Parts Company","Services","Auto Parts Wholesale","USA",12135.76,17.59,78.27,-0.01%,451519
204,"GPS","Gap Inc.","Services","Apparel Stores","USA",18476.64,14.57,39.48,0.69%,4805545
205,"GRMN","Garmin Ltd.","Technology","Scientific & Technical Instruments","Cayman Islands",9007.95,17.06,46.06,-0.02%,992044
206,"GS","The Goldman Sachs Group, Inc.","Financial","Investment Brokerage - National","USA",73081.01,9.39,154.44,0.91%,3226670
207,"GT","Goodyear Tire & Rubber Co.","Consumer Goods","Rubber & Plastics","USA",5419.38,18.99,22.03,0.82%,4612819
208,"GWW","W.W. Grainger, Inc.","Services","Industrial Equipment Wholesale","USA",17580.66,24.50,252.36,-2.20%,719466
209,"HAL","Halliburton Company","Basic Materials","Oil & Gas Equipment & Services","USA",44918.00,24.78,48.56,-0.21%,7397942
210,"HAR","Harman International Industries Inc.","Consumer Goods","Electronic Equipment","USA",4546.84,32.23,65.74,0.84%,690249
211,"HAS","Hasbro Inc.","Consumer Goods","Toys & Games","USA",5993.55,18.77,45.99,0.13%,886449
212,"HBAN","Huntington Bancshares Incorporated","Financial","Regional - Midwest Banks","USA",6778.01,11.44,8.12,0.37%,16701142
213,"HCBK","Hudson City Bancorp, Inc.","Financial","Savings & Loans","USA",4498.90,22.60,9.04,0.77%,3653454
214,"HCN","Health Care REIT, Inc.","Financial","REIT - Healthcare Facilities","USA",16773.25,125.35,61.42,-0.32%,1338739
215,"HCP","HCP, Inc.","Financial","REIT - Healthcare Facilities","USA",18280.19,20.73,40.21,0.12%,2999469
216,"HD","The Home Depot, Inc.","Services","Home Improvement Stores","USA",106316.76,21.87,74.14,-0.18%,6815169
217,"HES","Hess Corporation","Basic Materials","Oil & Gas Refining & Marketing","USA",27014.32,7.62,78.53,-0.30%,2850069
218,"HIG","Hartford Financial Services Group Inc.","Financial","Property & Casualty Insurance","USA",14489.94,,32.10,4.63%,11096767
219,"HOG","Harley-Davidson, Inc.","Consumer Goods","Recreational Vehicles","USA",14259.71,20.62,63.93,1.57%,1354278
220,"HON","Honeywell International Inc.","Industrial Goods","Diversified Machinery","USA",64504.44,20.42,81.90,0.10%,2633172
221,"HOT","Starwood Hotels & Resorts Worldwide Inc.","Services","Lodging","USA",12487.68,25.71,65.04,-0.08%,1968153
222,"HP","Helmerich & Payne Inc.","Basic Materials","Oil & Gas Drilling & Exploration","USA",7568.24,10.82,71.11,-0.99%,1035413
223,"HPQ","Hewlett-Packard Company","Technology","Diversified Computer Systems","USA",43595.40,,22.60,8.92%,55892788
224,"HRB","H&R Block, Inc.","Services","Personal Services","USA",7427.78,16.69,27.20,-0.22%,3444527
225,"HRL","Hormel Foods Corp.","Consumer Goods","Meat Products","USA",11060.49,22.47,41.80,0.55%,714912
226,"HRS","Harris Corp.","Technology","Communication Equipment","USA",6262.10,14.03,58.09,0.16%,580632
227,"HSP","Hospira Inc.","Healthcare","Drug Delivery","USA",6452.85,,38.99,0.88%,643839
228,"HST","Host Hotels & Resorts Inc.","Financial","REIT - Hotel/Motel","USA",12634.64,89.95,17.09,-1.27%,9029825
229,"HSY","Hershey Co.","Consumer Goods","Confectioners","USA",20522.63,28.64,91.65,-0.40%,476912
230,"HUM","Humana Inc.","Healthcare","Health Care Plans","USA",14724.85,9.92,93.21,0.23%,836326
231,"IBM","International Business Machines Corp.","Technology","Information Technology Services","USA",199615.20,12.90,181.32,1.45%,4416530
232,"ICE","IntercontinentalExchange, Inc.","Financial","Diversified Investments","USA",13758.56,25.23,188.96,-0.37%,941155
233,"IFF","International Flavors & Fragrances Inc.","Basic Materials","Specialty Chemicals","USA",6517.73,23.86,80.16,0.24%,182512
234,"IGT","International Game Technology","Technology","Multimedia & Graphics Software","USA",4774.19,16.36,18.32,0.77%,3373273
235,"INTC","Intel Corporation","Technology","Semiconductor - Broad Line","USA",112453.02,12.21,22.59,0.49%,40311076
236,"INTU","Intuit Inc.","Technology","Application Software","USA",19456.42,23.83,65.29,-0.17%,2118783
237,"IP","International Paper Co.","Consumer Goods","Paper & Paper Products","USA",19361.74,19.62,43.17,0.02%,3084856
238,"IPG","The Interpublic Group of Companies, Inc.","Services","Advertising Agencies","USA",6971.64,21.03,16.40,-1.03%,4770179
239,"IR","Ingersoll-Rand Plc","Industrial Goods","Diversified Machinery","Ireland",18671.10,19.67,62.76,-0.10%,2001465
240,"IRM","Iron Mountain Inc.","Technology","Business Software & Services","USA",4902.24,37.78,25.69,-0.66%,877021
241,"ISRG","Intuitive Surgical, Inc.","Healthcare","Medical Appliances & Equipment","USA",15527.48,22.67,389.16,2.08%,750659
242,"ITW","Illinois Tool Works Inc.","Industrial Goods","Diversified Machinery","USA",33373.81,14.11,74.23,0.23%,1451582
243,"IVZ","Invesco Ltd.","Financial","Asset Management","USA",14443.06,19.26,32.16,2.10%,4198965
244,"JBL","Jabil Circuit Inc.","Technology","Printed Circuit Boards","USA",4396.09,12.10,21.66,-0.73%,2351035
245,"JCI","Johnson Controls Inc.","Consumer Goods","Auto Parts","USA",27479.10,25.92,40.18,0.73%,3983434
246,"JCP","J. C. Penney Company, Inc.","Services","Department Stores","USA",1740.53,,7.89,1.54%,33301766
247,"JDSU","JDS Uniphase Corporation","Technology","Communication Equipment","USA",3372.03,67.81,14.24,-2.20%,5831538
248,"JEC","Jacobs Engineering Group Inc.","Services","Technical Services","USA",7269.56,17.43,56.12,-0.28%,687337
249,"JNJ","Johnson & Johnson","Healthcare","Drug Manufacturers - Major","USA",241521.81,19.10,85.96,0.41%,8005587
250,"JNPR","Juniper Networks, Inc.","Technology","Networking & Communication Devices","USA",10065.03,33.92,20.01,-1.82%,6641677
251,"JOY","Joy Global, Inc.","Industrial Goods","Farm & Construction Machinery","USA",5432.91,7.61,51.03,1.57%,1302168
252,"JPM","JPMorgan Chase & Co.","Financial","Money Center Banks","USA",191956.80,8.47,50.75,-0.24%,24699480
253,"JWN","Nordstrom Inc.","Services","Apparel Stores","USA",10903.04,14.79,55.77,0.27%,1630348
254,"K","Kellogg Company","Consumer Goods","Processed & Packaged Goods","USA",21698.04,22.49,59.61,0.02%,2536250
255,"KEY","KeyCorp","Financial","Money Center Banks","USA",10380.04,13.21,11.36,0.53%,12837794
256,"KIM","Kimco Realty Corporation","Financial","REIT - Retail","USA",7981.59,57.59,19.58,1.71%,5441570
257,"KLAC","KLA-Tencor Corporation","Technology","Semiconductor Equipment & Materials","USA",9849.79,18.58,59.46,-0.40%,1414478
258,"KMB","Kimberly-Clark Corporation","Consumer Goods","Personal Products","USA",36269.52,20.06,94.28,1.17%,2058129
259,"KMI","Kinder Morgan, Inc.","Basic Materials","Oil & Gas Pipelines","USA",36042.44,37.41,34.79,0.58%,3970363
260,"KMX","CarMax Inc.","Services","Auto Dealerships","USA",10346.43,21.72,46.27,-0.32%,1106644
261,"KO","The Coca-Cola Company","Consumer Goods","Beverages - Soft Drinks","USA",164857.69,19.62,37.08,-0.54%,18989754
262,"KR","The Kroger Co.","Services","Grocery Stores","USA",20677.25,13.38,40.15,1.01%,3520169
263,"KRFT","Kraft Foods Group, Inc.","Consumer Goods","Food - Major Diversified","USA",30816.72,16.74,51.88,-2.24%,3462579
264,"KSS","Kohl's Corp.","Services","Department Stores","USA",11288.20,12.02,51.31,1.06%,2267388
265,"KSU","Kansas City Southern","Services","Railroads","USA",12082.18,40.25,109.87,-0.76%,1252379
266,"L","Loews Corporation","Financial","Property & Casualty Insurance","USA",18074.85,27.84,46.49,0.69%,983447
267,"LEG","Leggett & Platt, Incorporated","Consumer Goods","Home Furnishings & Fixtures","USA",4232.57,16.88,29.03,1.36%,1321300
268,"LEN","Lennar Corp.","Industrial Goods","Residential Construction","USA",6368.87,16.86,33.38,-1.04%,9061629
269,"LH","Laboratory Corp. of America Holdings","Healthcare","Medical Laboratories & Research","USA",9212.88,16.77,100.14,0.07%,592283
270,"LIFE","Life Technologies Corporation","Healthcare","Medical Laboratories & Research","USA",12928.35,31.10,74.94,0.29%,1727898
271,"LLL","L-3 Communications Holdings Inc.","Industrial Goods","Aerospace/Defense Products & Services","USA",8265.41,10.95,91.94,-0.05%,345863
272,"LLTC","Linear Technology Corp.","Technology","Semiconductor - Specialized","USA",9208.55,22.63,38.70,-0.26%,1786365
273,"LLY","Eli Lilly & Co.","Healthcare","Drug Manufacturers - Major","USA",51806.39,10.75,47.96,-0.19%,6923428
274,"LM","Legg Mason Inc.","Financial","Asset Management","USA",4131.27,,32.99,1.20%,1168325
275,"LMT","Lockheed Martin Corporation","Industrial Goods","Aerospace/Defense Products & Services","USA",39147.22,13.67,122.03,-0.35%,1530767
276,"LNC","Lincoln National Corp.","Financial","Life Insurance","USA",11075.54,9.06,41.58,-0.31%,2359308
277,"LO","Lorillard, Inc.","Consumer Goods","Cigarettes","USA",16605.49,13.72,44.18,-0.74%,2128764
278,"LOW","Lowe's Companies Inc.","Services","Home Improvement Stores","USA",49722.20,23.54,46.60,0.15%,6650385
279,"LRCX","Lam Research Corporation","Technology","Semiconductor Equipment & Materials","USA",8218.64,75.48,50.57,-0.34%,1521344
280,"LSI","LSI Corporation","Technology","Semiconductor - Specialized","USA",4109.37,39.45,7.49,-1.51%,13774084
281,"LTD","Limited Brands, Inc.","Services","Apparel Stores","USA",17110.00,21.61,59.00,0.70%,1996354
282,"LUK","Leucadia National Corp.","Consumer Goods","Meat Products","USA",10072.73,7.80,27.39,0.88%,1285652
283,"LUV","Southwest Airlines Co.","Services","Regional Airlines","USA",10674.30,28.75,14.95,0.88%,8157013
284,"LYB","LyondellBasell Industries NV","Basic Materials","Specialty Chemicals","Netherlands",41572.83,12.60,72.73,-0.60%,2939720
285,"M","Macy's, Inc.","Services","Department Stores","USA",16202.70,12.28,42.36,-0.21%,5073561
286,"MA","Mastercard Incorporated","Financial","Credit Services","USA",79524.83,27.17,657.23,0.51%,654105
287,"MAC","Macerich Co.","Financial","REIT - Retail","USA",7700.30,24.45,55.25,-0.13%,801072
288,"MAR","Marriott International, Inc.","Services","Lodging","USA",12660.58,20.74,41.28,-0.60%,2861617
289,"MAS","Masco Corporation","Industrial Goods","General Building Materials","USA",6815.97,88.77,19.53,0.67%,5924084
290,"MAT","Mattel Inc.","Consumer Goods","Toys & Games","USA",14127.99,18.28,40.76,0.92%,3529395
291,"MCD","McDonald's Corp.","Services","Restaurants","USA",93400.57,17.08,93.27,-0.71%,5157551
292,"MCHP","Microchip Technology Inc.","Technology","Semiconductor - Specialized","USA",7645.60,64.70,38.82,-0.18%,1382487
293,"MCK","McKesson Corporation","Services","Drugs Wholesale","USA",30299.96,22.93,133.48,-0.18%,2841072
294,"MCO","Moody's Corp.","Services","Business Services","USA",15552.11,20.95,69.96,0.56%,1010242
295,"MDLZ","Mondelez International, Inc.","Consumer Goods","Confectioners","USA",54730.68,28.61,30.61,-0.26%,6386783
296,"MDT","Medtronic, Inc.","Healthcare","Medical Appliances & Equipment","USA",53574.68,15.25,53.06,1.14%,4236610
297,"MET","MetLife, Inc.","Financial","Life Insurance","USA",50920.09,107.86,46.38,-0.15%,6048466
298,"MHFI","McGraw Hill Financial, Inc.","Services","Business Services","USA",18103.80,25.10,66.00,0.69%,1262343
299,"MJN","Mead Johnson Nutrition Company","Consumer Goods","Processed & Packaged Goods","USA",15130.17,24.98,74.68,-0.55%,1043924
300,"MKC","McCormick & Co. Inc.","Consumer Goods","Processed & Packaged Goods","USA",8542.91,21.27,64.67,-0.55%,608414
301,"MMC","Marsh & McLennan Companies, Inc.","Financial","Insurance Brokers","USA",23345.87,18.18,42.37,-0.61%,2291461
302,"MMM","3M Co.","Conglomerates","Conglomerates","USA",80911.67,18.43,117.57,0.35%,2497089
303,"MNST","Monster Beverage Corporation","Consumer Goods","Beverages - Soft Drinks","USA",8864.97,28.63,53.26,-0.62%,2814140
304,"MO","Altria Group Inc.","Consumer Goods","Cigarettes","USA",68968.90,15.73,34.45,-0.66%,7190877
305,"MOLX","Molex Inc.","Technology","Diversified Electronics","USA",6845.52,28.30,38.49,0.16%,988274
306,"MON","Monsanto Co.","Basic Materials","Agricultural Chemicals","USA",55306.06,22.51,103.55,0.33%,3452786
307,"MOS","The Mosaic Company","Basic Materials","Agricultural Chemicals","USA",19527.84,10.37,45.84,0.92%,6890914
308,"MPC","Marathon Petroleum Corporation","Basic Materials","Oil & Gas Refining & Marketing","USA",19996.20,6.31,62.10,-0.64%,3710996
309,"MRK","Merck & Co. Inc.","Healthcare","Drug Manufacturers - Major","USA",142282.70,28.14,47.27,-1.01%,15348714
310,"MRO","Marathon Oil Corporation","Basic Materials","Independent Oil & Gas","USA",24289.10,15.41,34.21,0.15%,3705135
311,"MS","Morgan Stanley","Financial","Investment Brokerage - National","USA",51070.12,38.24,26.77,0.83%,14190661
312,"MSFT","Microsoft Corporation","Technology","Business Software & Services","USA",275969.15,12.77,33.07,0.18%,35819252
313,"MSI","Motorola Solutions, Inc.","Technology","Communication Equipment","USA",16005.60,16.92,59.39,-0.39%,1362389
314,"MTB","M&T Bank Corporation","Financial","Regional - Northeast Banks","USA",14188.52,12.49,110.63,0.66%,925461
315,"MU","Micron Technology Inc.","Technology","Semiconductor- Memory Chips","USA",18585.60,,18.15,1.23%,67631304
316,"MUR","Murphy Oil Corporation","Basic Materials","Major Integrated Oil & Gas","USA",11383.59,12.44,60.23,-1.52%,2005704
317,"MWV","MeadWestvaco Corporation","Consumer Goods","Packaging & Containers","USA",6517.80,40.35,36.72,-0.46%,708048
318,"MYL","Mylan, Inc.","Healthcare","Drugs - Generic","USA",14836.07,23.88,38.92,0.13%,3992852
319,"NBL","Noble Energy, Inc.","Basic Materials","Independent Oil & Gas","USA",23263.20,22.74,64.80,-0.69%,1135623
320,"NBR","Nabors Industries Ltd.","Basic Materials","Oil & Gas Drilling & Exploration","Bermuda",4942.91,15.82,16.77,-0.12%,3708152
321,"NDAQ","Nasdaq OMX Group Inc.","Financial","Diversified Investments","USA",5327.23,17.89,32.02,0.72%,1240368
322,"NE","Noble Corp.","Basic Materials","Oil & Gas Drilling & Exploration","Switzerland",9470.70,16.84,37.39,0.16%,3626412
323,"NEE","NextEra Energy, Inc.","Utilities","Electric Utilities","USA",33744.00,22.04,80.00,0.39%,1407114
324,"NEM","Newmont Mining Corp.","Basic Materials","Gold","USA",13170.50,,26.50,0.57%,9543546
325,"NFLX","Netflix, Inc.","Services","Music & Video Stores","USA",16784.32,360.54,288.43,-4.59%,5991572
326,"NFX","Newfield Exploration Co.","Basic Materials","Independent Oil & Gas","USA",3801.60,,28.16,-0.46%,1733839
327,"NI","NiSource Inc.","Utilities","Diversified Utilities","USA",9415.26,21.39,30.16,-0.17%,1887415
328,"NKE","Nike Inc.","Consumer Goods","Textile - Apparel Footwear & Accessories","USA",63049.57,24.36,70.89,0.87%,4638054
329,"NOC","Northrop Grumman Corporation","Industrial Goods","Aerospace/Defense - Major Diversified","USA",22019.40,11.69,94.10,0.01%,1289992
330,"NOV","National Oilwell Varco, Inc.","Basic Materials","Oil & Gas Equipment & Services","USA",33130.02,14.40,77.77,-0.52%,2561478
331,"NRG","NRG Energy, Inc.","Utilities","Diversified Utilities","USA",8840.51,19.27,27.37,-0.36%,4330931
332,"NSC","Norfolk Southern Corp.","Services","Railroads","USA",24148.01,14.18,76.88,0.80%,1664776
333,"NTAP","NetApp, Inc.","Technology","Data Storage Devices","USA",14530.77,28.96,41.41,-0.58%,5269865
334,"NTRS","Northern Trust Corporation","Financial","Asset Management","USA",12703.77,18.46,52.99,1.11%,1380659
335,"NU","Northeast Utilities","Utilities","Diversified Utilities","USA",12984.35,16.68,41.20,0.44%,1090680
336,"NUE","Nucor Corporation","Basic Materials","Steel & Iron","USA",15173.41,36.60,47.58,-0.92%,1678517
337,"NVDA","NVIDIA Corporation","Technology","Semiconductor - Specialized","USA",8908.95,16.91,15.22,-1.55%,6896549
338,"NWL","Newell Rubbermaid Inc.","Consumer Goods","Housewares & Accessories","USA",7764.12,20.07,26.69,0.49%,2031567
339,"NWSA","News Corp.","Services","Broadcasting - TV","USA",9383.87,17.26,15.88,0.51%,4210328
340,"NYX","NYSE Euronext, Inc.","Financial","Diversified Investments","USA",10538.91,24.37,43.37,-0.05%,1228837
341,"OI","Owens-Illinois, Inc.","Consumer Goods","Packaging & Containers","USA",4748.62,33.59,28.89,0.24%,1101811
342,"OKE","ONEOK Inc.","Utilities","Gas Utilities","USA",10830.75,37.80,52.54,-0.36%,1071612
343,"OMC","Omnicom Group Inc.","Services","Advertising Agencies","USA",15915.55,16.56,61.76,-0.37%,1078385
344,"ORCL","Oracle Corporation","Technology","Application Software","USA",148331.51,13.87,32.19,-0.56%,19595796
345,"ORLY","O'Reilly Automotive Inc.","Services","Auto Parts Stores","USA",13564.63,22.78,123.00,-1.59%,681319
346,"OXY","Occidental Petroleum Corporation","Basic Materials","Independent Oil & Gas","USA",75628.40,17.15,93.96,0.43%,3047521
347,"PAYX","Paychex, Inc.","Services","Staffing & Outsourcing Services","USA",14400.13,24.95,39.42,-0.35%,2787535
348,"PBCT","People's United Financial Inc.","Financial","Savings & Loans","USA",4492.74,19.63,14.33,0.42%,2440079
349,"PBI","Pitney Bowes Inc.","Consumer Goods","Business Equipment","USA",3728.99,13.81,18.50,0.11%,2342361
350,"PCAR","PACCAR Inc.","Consumer Goods","Trucks & Other Vehicles","USA",19206.38,18.97,54.24,0.31%,1495616
351,"PCG","PG&E Corp.","Utilities","Electric Utilities","USA",18086.64,19.49,40.92,0.66%,3693622
352,"PCL","Plum Creek Timber Co. Inc.","Financial","REIT - Residential","USA",7426.61,30.80,45.59,0.42%,690412
353,"PCLN","priceline.com Incorporated","Services","Business Services","USA",50203.16,32.53,989.03,-0.91%,1054108
354,"PCP","Precision Castparts Corp.","Industrial Goods","Metal Fabrication","USA",33612.84,22.28,229.91,-1.25%,646073
355,"PDCO","Patterson Companies Inc.","Services","Medical Equipment Wholesale","USA",4085.53,19.92,40.44,2.15%,1315141
356,"PEG","Public Service Enterprise Group Inc.","Utilities","Diversified Utilities","USA",16806.00,13.78,33.22,0.67%,2220301
357,"PEP","Pepsico, Inc.","Consumer Goods","Beverages - Soft Drinks","USA",123066.00,18.75,79.50,0.72%,5276187
358,"PETM","PetSmart, Inc.","Services","Specialty Retail, Other","USA",7440.82,18.58,71.91,-2.96%,2025369
359,"PFE","Pfizer Inc.","Healthcare","Drug Manufacturers - Major","USA",199218.19,19.24,28.29,0.18%,31424752
360,"PFG","Principal Financial Group Inc.","Financial","Asset Management","USA",12363.96,15.57,42.04,0.79%,1310210
361,"PG","Procter & Gamble Co.","Consumer Goods","Personal Products","USA",211320.08,19.94,76.95,0.81%,8462689
362,"PGR","Progressive Corp.","Financial","Property & Casualty Insurance","USA",15904.74,13.82,26.53,-0.26%,4291143
363,"PH","Parker Hannifin Corporation","Industrial Goods","Industrial Equipment & Components","USA",15522.51,16.66,103.97,-0.30%,1042610
364,"PHM","PulteGroup, Inc.","Industrial Goods","Residential Construction","USA",6004.36,20.50,15.58,-0.06%,10720314
365,"PKI","PerkinElmer Inc.","Healthcare","Medical Laboratories & Research","USA",4053.52,57.67,36.33,-0.98%,568136
366,"PLD","Prologis, Inc.","Financial","REIT - Industrial","USA",18182.46,,37.41,-0.27%,2503689
367,"PLL","Pall Corp.","Industrial Goods","Diversified Machinery","USA",8428.48,26.07,75.07,-0.57%,487752
368,"PM","Philip Morris International, Inc.","Consumer Goods","Cigarettes","USA",137264.97,16.31,84.16,-2.07%,7302299
369,"PNC","PNC Financial Services Group Inc.","Financial","Money Center Banks","USA",37419.36,10.63,70.87,-0.10%,2049156
370,"PNR","Pentair, Inc.","Industrial Goods","Industrial Equipment & Components","USA",12893.98,,63.80,-0.05%,667847
371,"PNW","Pinnacle West Capital Corporation","Utilities","Electric Utilities","USA",6034.71,14.22,54.88,0.11%,622667
372,"POM","Pepco Holdings, Inc.","Utilities","Electric Utilities","USA",4599.03,,18.47,0.71%,1631645
373,"PPG","PPG Industries Inc.","Basic Materials","Specialty Chemicals","USA",23299.63,21.72,162.48,-0.20%,1115429
374,"PPL","PPL Corporation","Utilities","Electric Utilities","USA",17695.02,12.10,30.00,-0.10%,5609669
375,"PRGO","Perrigo Co.","Healthcare","Drug Related Products","USA",12085.39,27.44,128.43,0.20%,863133
376,"PRU","Prudential Financial, Inc.","Financial","Life Insurance","USA",35266.96,,75.99,0.00%,1891698
377,"PSA","Public Storage","Financial","REIT - Diversified","USA",27810.11,36.25,162.04,0.12%,348388
378,"PSX","Phillips 66","Basic Materials","Oil & Gas Refining & Marketing","USA",35229.24,7.71,56.90,0.02%,3466176
379,"PVH","PVH Corp.","Consumer Goods","Textile - Apparel Clothing","USA",9595.33,39.85,117.97,0.24%,969323
380,"PWR","Quanta Services, Inc.","Industrial Goods","General Contractors","USA",5792.91,18.02,27.03,-0.07%,1547167
381,"PX","Praxair Inc.","Basic Materials","Chemicals - Major Diversified","USA",35190.40,21.25,119.02,1.08%,1022542
382,"PXD","Pioneer Natural Resources Co.","Basic Materials","Independent Oil & Gas","USA",26133.78,223.54,190.01,-1.06%,1748086
383,"QCOM","QUALCOMM Incorporated","Technology","Communication Equipment","USA",113481.17,17.48,65.71,-0.96%,11042619
384,"QEP","QEP Resources, Inc.","Basic Materials","Oil & Gas Pipelines","USA",5070.60,34.49,28.28,0.60%,3876380
385,"R","Ryder System, Inc.","Services","Rental & Leasing Services","USA",2954.49,13.32,57.43,-0.24%,463259
386,"RAI","Reynolds American Inc.","Consumer Goods","Cigarettes","USA",26627.64,17.72,48.74,-0.63%,1478271
387,"RDC","Rowan Companies Inc.","Basic Materials","Oil & Gas Drilling & Exploration","USA",4449.56,18.00,36.00,-0.88%,1325289
388,"REGN","Regeneron Pharmaceuticals, Inc.","Healthcare","Biotechnology","USA",27508.41,37.59,281.56,-2.13%,1444991
389,"RF","Regions Financial Corp.","Financial","Regional - Southeast Banks","USA",13001.28,11.32,9.28,0.65%,14863429
390,"RHI","Robert Half International Inc.","Services","Staffing & Outsourcing Services","USA",5222.18,22.52,38.29,-1.24%,1007071
391,"RHT","Red Hat, Inc.","Technology","Application Software","USA",8164.73,52.56,43.10,-0.46%,2529288
392,"RL","Ralph Lauren Corporation","Consumer Goods","Textile - Apparel Clothing","USA",14745.92,20.53,162.40,0.81%,1070983
393,"ROK","Rockwell Automation Inc.","Industrial Goods","Diversified Machinery","USA",14499.77,20.04,104.39,-1.30%,1156045
394,"ROP","Roper Industries Inc.","Industrial Goods","Diversified Machinery","USA",12583.31,25.55,126.99,-0.78%,323189
395,"ROST","Ross Stores Inc.","Services","Apparel Stores","USA",15240.09,18.51,71.27,-0.25%,1168393
396,"RRC","Range Resources Corporation","Basic Materials","Independent Oil & Gas","USA",12042.38,182.93,75.00,1.58%,2524966
397,"RSG","Republic Services, Inc.","Industrial Goods","Waste Management","USA",11747.07,25.69,32.37,-0.83%,1623636
398,"RTN","Raytheon Co.","Industrial Goods","Aerospace/Defense - Major Diversified","USA",24032.85,12.52,73.97,-0.11%,1313011
399,"S","Sprint Nextel Corp.","Technology","Diversified Communication Services","USA",18.64,,6.00,-2.12%,15896264
400,"SBUX","Starbucks Corporation","Services","Specialty Eateries","USA",56422.42,36.01,75.26,-0.36%,4739189
401,"SCG","SCANA Corp.","Utilities","Electric Utilities","USA",6316.90,13.27,45.25,0.49%,1096000
402,"SCHW","The Charles Schwab Corporation","Financial","Investment Brokerage - National","USA",26726.00,30.97,20.75,0.88%,8870532
403,"SE","Spectra Energy Corp.","Basic Materials","Oil & Gas Pipelines","USA",22725.93,24.26,33.97,-0.35%,2446866
404,"SEE","Sealed Air Corporation","Consumer Goods","Packaging & Containers","USA",5179.73,,26.59,-0.49%,1887730
405,"SHW","The Sherwin-Williams Company","Basic Materials","Specialty Chemicals","USA",17823.07,27.10,175.31,-0.65%,646480
406,"SIAL","Sigma-Aldrich Corporation","Basic Materials","Specialty Chemicals","USA",9949.20,21.48,82.91,-0.88%,644810
407,"SJM","The J. M. Smucker Company","Consumer Goods","Processed & Packaged Goods","USA",10968.04,20.15,104.38,-1.14%,459603
408,"SLB","Schlumberger Limited","Basic Materials","Oil & Gas Equipment & Services","USA",115502.08,18.64,87.04,-1.03%,6178494
409,"SLM","SLM Corporation","Financial","Credit Services","USA",10634.80,8.06,24.17,-0.45%,3299114
410,"SNA","Snap-on Inc.","Industrial Goods","Small Tools & Accessories","USA",5576.72,17.11,95.82,0.20%,299208
411,"SNDK","SanDisk Corp.","Technology","Data Storage Devices","USA",14848.59,20.98,61.48,0.52%,3719180
412,"SNI","Scripps Networks Interactive, Inc.","Services","Broadcasting - TV","USA",10995.17,16.25,74.73,-0.45%,585845
413,"SO","Southern Company","Utilities","Diversified Utilities","USA",36069.98,20.84,41.27,0.63%,5987853
414,"SPG","Simon Property Group Inc.","Financial","REIT - Retail","USA",46309.56,38.57,149.26,0.15%,1012831
415,"SPLS","Staples, Inc.","Services","Specialty Retail, Other","USA",9471.68,,14.49,0.35%,7063941
416,"SRCL","Stericycle, Inc.","Industrial Goods","Waste Management","USA",9795.86,34.47,113.74,-0.51%,284380
417,"SRE","Sempra Energy","Utilities","Gas Utilities","USA",20762.28,21.41,85.23,-0.23%,1005486
418,"STI","SunTrust Banks, Inc.","Financial","Money Center Banks","USA",17270.00,8.21,32.27,0.34%,5618809
419,"STJ","St. Jude Medical Inc.","Healthcare","Medical Appliances & Equipment","USA",15773.48,26.21,55.56,1.80%,5478175
420,"STT","State Street Corp.","Financial","Asset Management","USA",29291.96,14.14,64.78,0.11%,2950363
421,"STX","Seagate Technology PLC","Technology","Data Storage Devices","Ireland",16067.04,9.37,44.88,0.20%,3820580
422,"STZ","Constellation Brands Inc.","Consumer Goods","Beverages - Wineries & Distillers","USA",11231.92,7.42,59.65,-0.32%,1440093
423,"SWK","Stanley Black & Decker, Inc.","Industrial Goods","Machine Tools & Accessories","USA",13707.66,29.08,88.40,-0.54%,1127192
424,"SWN","Southwestern Energy Co.","Basic Materials","Independent Oil & Gas","USA",12321.79,,35.16,-1.07%,6939886
425,"SWY","Safeway Inc.","Services","Grocery Stores","USA",7351.96,15.88,30.80,-0.03%,4787144
426,"SYK","Stryker Corp.","Healthcare","Medical Appliances & Equipment","USA",25870.32,22.97,68.44,1.23%,1827731
427,"SYMC","Symantec Corporation","Technology","Security Software & Services","USA",17194.99,23.27,24.67,-0.28%,7951904
428,"SYY","Sysco Corp.","Services","Food Wholesale","USA",18766.01,18.95,31.65,1.57%,3853875
429,"T","AT&T, Inc.","Technology","Telecom Services - Domestic","USA",181608.75,25.57,33.75,1.93%,33399892
430,"TAP","Molson Coors Brewing Company","Consumer Goods","Beverages - Brewers","USA",9134.03,16.01,49.94,0.46%,1004599
431,"TDC","Teradata Corporation","Technology","Data Storage Devices","USA",8619.35,23.34,52.75,0.32%,1600365
432,"TE","TECO Energy, Inc.","Utilities","Electric Utilities","USA",3569.00,15.66,16.60,0.61%,2627655
433,"TEG","Integrys Energy Group, Inc.","Utilities","Gas Utilities","USA",4416.23,13.84,55.62,0.80%,515285
434,"TEL","TE Connectivity Ltd.","Technology","Diversified Electronics","Switzerland",20712.65,16.47,49.91,-1.66%,2218319
435,"TER","Teradyne Inc.","Technology","Semiconductor Equipment & Materials","USA",3051.01,26.25,16.01,1.01%,2647101
436,"TGT","Target Corp.","Services","Discount, Variety Stores","USA",39795.61,15.11,62.69,0.90%,3858589
437,"THC","Tenet Healthcare Corp.","Healthcare","Hospitals","USA",4698.29,,45.61,-1.30%,1736716
438,"TIF","Tiffany & Co.","Services","Jewelry Stores","USA",9447.62,21.87,73.91,-1.14%,1504911
439,"TJX","The TJX Companies, Inc.","Services","Department Stores","USA",39299.42,20.19,54.91,0.44%,2514679
440,"TMK","Torchmark Corp.","Financial","Life Insurance","USA",6515.42,12.53,70.67,-0.21%,394681
441,"TMO","Thermo Fisher Scientific, Inc.","Healthcare","Medical Laboratories & Research","USA",32374.80,25.05,89.93,-0.83%,2025337
442,"TRIP","TripAdvisor Inc.","Technology","Internet Information Providers","USA",10143.34,45.89,70.67,-1.44%,2673094
443,"TROW","T. Rowe Price Group, Inc.","Financial","Asset Management","USA",18500.03,19.63,71.65,0.94%,1751106
444,"TRV","The Travelers Companies, Inc.","Financial","Property & Casualty Insurance","USA",30955.36,10.64,82.35,-0.77%,1674527
445,"TSN","Tyson Foods Inc.","Consumer Goods","Meat Products","USA",10131.10,13.60,28.70,1.41%,4485077
446,"TSO","Tesoro Corporation","Basic Materials","Oil & Gas Refining & Marketing","USA",5641.13,9.19,41.54,-0.26%,4070602
447,"TSS","Total System Services, Inc.","Financial","Credit Services","USA",5333.69,22.80,28.50,0.04%,1262304
448,"TWC","Time Warner Cable Inc.","Services","CATV Systems","USA",31934.19,15.25,110.27,0.43%,2081923
449,"TWX","Time Warner Inc.","Services","Entertainment - Diversified","USA",59996.85,17.70,64.61,-0.63%,4675642
450,"TXN","Texas Instruments Inc.","Technology","Semiconductor - Broad Line","USA",43336.87,21.83,39.29,0.13%,6859193
451,"TXT","Textron Inc.","Industrial Goods","Aerospace/Defense - Major Diversified","USA",7413.11,14.87,26.46,-0.53%,2922788
452,"TYC","Tyco International Ltd.","Services","Security & Protection Services","Switzerland",15908.68,,34.36,0.47%,3010180
453,"UNH","Unitedhealth Group, Inc.","Healthcare","Health Care Plans","USA",72022.42,13.57,71.38,-0.14%,4462445
454,"UNM","Unum Group","Financial","Accident & Health Insurance","USA",7839.33,8.97,29.52,-0.91%,2518392
455,"UNP","Union Pacific Corporation","Services","Railroads","USA",70916.37,17.34,152.41,0.16%,1792355
456,"UPS","United Parcel Service, Inc.","Services","Air Delivery & Freight Services","USA",83644.10,103.14,88.70,-0.26%,2452419
457,"URBN","Urban Outfitters Inc.","Services","Apparel Stores","USA",5249.26,19.94,35.70,1.83%,2151041
458,"USB","U.S. Bancorp","Financial","Regional - Midwest Banks","USA",66274.28,12.23,35.96,0.73%,7292478
459,"UTX","United Technologies Corp.","Industrial Goods","Diversified Machinery","USA",92669.12,18.73,102.84,0.08%,3545796
460,"V","Visa, Inc.","Financial","Credit Services","USA",144873.80,31.70,183.85,0.72%,3362043
461,"VAR","Varian Medical Systems Inc.","Healthcare","Medical Appliances & Equipment","USA",8159.44,18.95,75.44,0.03%,645506
462,"VFC","V.F. Corporation","Consumer Goods","Textile - Apparel Clothing","USA",21026.50,19.13,192.42,1.40%,577507
463,"VIAB","Viacom, Inc.","Services","CATV Systems","USA",38690.04,18.02,80.17,-0.52%,3511218
464,"VLO","Valero Energy Corporation","Basic Materials","Oil & Gas Refining & Marketing","USA",18445.71,6.75,33.97,0.71%,6806082
465,"VMC","Vulcan Materials Company","Industrial Goods","General Building Materials","USA",6610.19,,50.75,-1.19%,441758
466,"VNO","Vornado Realty Trust","Financial","REIT - Diversified","USA",15646.12,78.22,83.70,-0.01%,503097
467,"VRSN","VeriSign, Inc.","Technology","Internet Information Providers","USA",7382.74,23.00,49.69,0.02%,1178123
468,"VRTX","Vertex Pharmaceuticals Incorporated","Healthcare","Biotechnology","USA",15577.02,,70.15,-2.87%,2638886
469,"VTR","Ventas, Inc.","Financial","REIT - Healthcare Facilities","USA",18158.00,39.52,62.05,-0.05%,1042543
470,"VZ","Verizon Communications Inc.","Technology","Telecom Services - Domestic","USA",132363.00,85.56,46.20,0.33%,13257546
471,"WAG","Walgreen Co.","Services","Drug Stores","USA",52022.96,21.49,55.01,0.27%,4812892
472,"WAT","Waters Corp.","Healthcare","Medical Laboratories & Research","USA",8748.23,18.47,102.34,-0.39%,578095
473,"WDC","Western Digital Corp.","Technology","Data Storage Devices","USA",15022.56,16.18,63.12,-0.41%,1312940
474,"WEC","Wisconsin Energy Corp.","Utilities","Electric Utilities","USA",9220.51,16.96,40.37,0.32%,1260095
475,"WFC","Wells Fargo & Company","Financial","Money Center Banks","USA",214097.70,10.94,40.36,0.30%,17005424
476,"WFM","Whole Foods Market, Inc.","Services","Grocery Stores","USA",21697.19,40.29,58.42,-1.13%,2993908
477,"WHR","Whirlpool Corp.","Consumer Goods","Appliances","USA",10863.17,17.00,136.13,1.54%,1120050
478,"WIN","Windstream Corporation","Technology","Telecom Services - Domestic","USA",4832.41,35.70,8.21,1.23%,6547580
479,"WLP","WellPoint Inc.","Healthcare","Health Care Plans","USA",25625.22,9.31,85.56,0.22%,1149408
480,"WM","Waste Management, Inc.","Industrial Goods","Waste Management","USA",18903.16,22.20,40.40,-0.22%,1277285
481,"WMB","Williams Companies, Inc.","Basic Materials","Oil & Gas Pipelines","USA",23873.94,37.59,34.96,-0.26%,5848009
482,"WMT","Wal-Mart Stores Inc.","Services","Discount, Variety Stores","USA",239294.00,14.26,73.00,0.14%,6464537
483,"WPO","The Washington Post Company","Services","Publishing - Newspapers","USA",4368.56,96.07,604.31,0.57%,22700
484,"WPX","WPX Energy, Inc.","Basic Materials","Independent Oil & Gas","USA",3789.56,,18.91,-1.15%,1224051
485,"WU","Western Union Co.","Financial","Credit Services","USA",9974.82,11.36,17.95,-1.54%,8422309
486,"WY","Weyerhaeuser Co.","Industrial Goods","Lumber, Wood Production","USA",15618.15,25.92,28.25,0.46%,3367535
487,"WYN","Wyndham Worldwide Corporation","Services","Lodging","USA",8029.80,20.87,59.48,0.20%,1334230
488,"WYNN","Wynn Resorts Ltd.","Services","Resorts & Casinos","USA",15849.34,28.73,157.73,0.33%,1308754
489,"X","United States Steel Corp.","Basic Materials","Steel & Iron","USA",3058.75,,21.17,1.10%,5056518
490,"XEL","Xcel Energy Inc.","Utilities","Electric Utilities","USA",13822.43,14.03,27.77,0.69%,3293385
491,"XL","XL Group plc","Financial","Property & Casualty Insurance","Ireland",8853.31,10.47,30.58,-0.07%,1550369
492,"XLNX","Xilinx Inc.","Technology","Semiconductor - Integrated Circuits","USA",12069.15,24.43,45.69,0.15%,3080662
493,"XOM","Exxon Mobil Corporation","Basic Materials","Major Integrated Oil & Gas","USA",377514.30,10.73,85.16,-0.41%,13538620
494,"XRAY","DENTSPLY International Inc.","Healthcare","Medical Instruments & Supplies","USA",6221.39,18.52,43.53,0.00%,783953
495,"XRX","Xerox Corp.","Technology","Information Technology Services","USA",12562.19,10.98,10.21,0.69%,11689542
496,"XYL","Xylem Inc.","Industrial Goods","Diversified Machinery","USA",5044.73,21.77,27.21,-0.69%,1478026
497,"YHOO","Yahoo! Inc.","Technology","Internet Information Providers","USA",35630.63,9.35,33.01,0.24%,33471668
498,"YUM","Yum! Brands, Inc.","Services","Restaurants","USA",30181.92,21.80,66.48,-7.24%,20624560
499,"ZION","Zions Bancorp.","Financial","Regional - Pacific Banks","USA",4938.27,20.53,26.89,-0.33%,1589110
500,"ZMH","Zimmer Holdings, Inc.","Healthcare","Medical Appliances & Equipment","USA",14295.67,20.86,84.69,1.58%,2192480
